sepalwidth,petalwidth
sepalwidth,petalwidth
sepalwidth,petalwidth
sepalwidth,petalwidth
sepalwidth,petalwidth
sepalwidth,petalwidth
sepalwidth,petalwidth
sepalwidth,petalwidth
sepalwidth,petalwidth
sepalwidth,petalwidth
sepalwidth,petalwidth
sepalwidth,petalwidth
sepalwidth,petalwidth
sepalwidth,petalwidth
sepalwidth,petalwidth
sepalwidth,petalwidth
sepalwidth,petalwidth
sepalwidth,petalwidth
sepalwidth,petalwidth
sepalwidth,petalwidth
sepalwidth,petalwidth
sepalwidth,petalwidth
sepalwidth,petalwidth
sepalwidth,petalwidth
sepalwidth,petalwidth
sepalwidth,petalwidth
sepalwidth,petalwidth
sepalwidth,petalwidth
sepalwidth,petalwidth
sepalwidth,petalwidth
sepalwidth,petalwidth
sepalwidth,petalwidth
sepalwidth,petalwidth
sepalwidth,petalwidth
sepalwidth,petalwidth
sepalwidth,petalwidth
sepalwidth,petalwidth
sepalwidth,petalwidth
sepalwidth,petalwidth
sepalwidth,petalwidth
sepalwidth,petalwidth
sepalwidth,petalwidth
sepalwidth,petalwidth
sepalwidth,petalwidth
sepalwidth,petalwidth
sepalwidth,petalwidth
sepalwidth,petalwidth
sepalwidth,petalwidth
sepalwidth,petalwidth
sepalwidth,petalwidth
sepalwidth,petalwidth
sepalwidth,petalwidth
sepalwidth,petalwidth
sepalwidth,petalwidth
sepalwidth,petalwidth
sepalwidth,petalwidth
sepalwidth,petalwidth
sepalwidth,petalwidth
sepalwidth,petalwidth
sepalwidth,petalwidth
sepalwidth,petalwidth
sepalwidth,petalwidth
sepalwidth,petalwidth
sepalwidth,petalwidth
sepalwidth,petalwidth
sepalwidth,petalwidth
sepalwidth,petalwidth
sepalwidth,petalwidth
sepalwidth,petalwidth
sepalwidth,petalwidth
sepalwidth,petalwidth
sepalwidth,petalwidth
sepalwidth,petalwidth
sepalwidth,petalwidth
sepalwidth,petalwidth
sepalwidth,petalwidth
sepalwidth,petalwidth
sepalwidth,petalwidth
sepalwidth,petalwidth
sepalwidth,petalwidth
sepalwidth,petalwidth
sepalwidth,petalwidth
sepalwidth,petalwidth
sepalwidth,petalwidth
sepalwidth,petalwidth
sepalwidth,petalwidth
sepalwidth,petalwidth
sepalwidth,petalwidth
sepalwidth,petalwidth
sepalwidth,petalwidth
sepalwidth,petalwidth
sepalwidth,petalwidth
sepalwidth,petalwidth
sepalwidth,petalwidth
sepalwidth,petalwidth
sepalwidth,petalwidth
sepalwidth,petalwidth
sepalwidth,petalwidth
sepalwidth,petalwidth
sepalwidth,petalwidth
sepalwidth,petalwidth
sepalwidth,petalwidth
sepalwidth,petalwidth
sepalwidth,petalwidth
sepalwidth,petalwidth
sepalwidth,petalwidth
sepalwidth,petalwidth
sepalwidth,petalwidth
sepalwidth,petalwidth
sepalwidth,petalwidth
sepalwidth,petalwidth
sepalwidth,petalwidth
sepalwidth,petalwidth
sepalwidth,petalwidth
sepalwidth,petalwidth
sepalwidth,petalwidth
sepalwidth,petalwidth
sepalwidth,petalwidth
sepalwidth,petalwidth
sepalwidth,petalwidth
sepalwidth,petalwidth
sepalwidth,petalwidth
sepalwidth,petalwidth
sepalwidth,petalwidth
sepalwidth,petalwidth
sepalwidth,petalwidth
sepalwidth,petalwidth
sepalwidth,petalwidth
sepalwidth,petalwidth
sepalwidth,petalwidth
sepalwidth,petalwidth
sepalwidth,petalwidth
sepalwidth,petalwidth
sepalwidth,petalwidth
sepalwidth,petalwidth
sepalwidth,petalwidth
